scan_date,niche,rank,url,author,likes,comments,likes_gained_since_last,velocity_per_day,days_tracked,first_seen_date,posted_date,title,description,mechanic,replicable,niche_fit,angle_idea,format_cluster,spread_count,feasible,feasible_note,saturated,saturation_reason,picked_for_tomorrow
2026-09-30,food,1,https://www.instagram.com/reel/Dd2zgSQRmgE/,@jordan_the_stallion8,550000,3.3K,baseline,550000.0,~recency,2026-09-30,2026-09-29,This is a split-screen style food experiment video posted by creator Jordan Howl,"This is a split-screen style food experiment video posted by creator Jordan Howlett (@jordan_the_stallion8) featuring a woman demonstrating flavor-pairing hacks and a man testing them. The woman holds up items on a plate: a lemon slice with cinnamon (claimed to taste like Coca-Cola), banana with avo",hook,True,strong,复刻这组味道骗局：柠檬+肉桂真是可乐味？逐个实测,food-pairing-hacks,1,True,,False,,
2026-09-30,food,2,https://www.instagram.com/reel/Dd3qEr8sb6X/,@dolly_ki_tapri_nagpur,310000,970,baseline,310000.0,~recency,2026-09-30,2026-09-29,The video features the popular Indian street vendor known as 'Dolly Chaiwala' wo,"The video features the popular Indian street vendor known as 'Dolly Chaiwala' working at his stall, identified by on-screen text as located at Civil Line V.C.A Ground, Nagpur. Under a green tarp, he wears a white shirt, maroon vest, black trousers, and large yellow-tinted sunglasses, with a styled m",personality,False,none,,chai-vendor-show,1,False,依赖人物本身，不可复制,False,,
2026-09-30,food,3,https://www.instagram.com/reel/Ddq45QgMaxw/,@cooksywooksy,1300000,3.9K,baseline,216666.7,~recency,2026-09-30,2026-09-24,This is a short-form food reel by creator Khushi Patil (@cooksywooksy) demonstra,This is a short-form food reel by creator Khushi Patil (@cooksywooksy) demonstrating the 'Viral Cucumber Imli Shot.' The video opens outdoors with the creator and a male partner biting into prepared cucumber shots and reacting strongly to the sour flavor. It then cuts to a kitchen where she prepares,template,True,strong,复刻爆款黄瓜杯：酸辣口黄瓜shot，跟做,viral-recipe-trend,4,True,,False,,True
2026-09-30,food,4,https://www.instagram.com/reel/Dd2m9IPxmrn/,@ballerinafarm,130000,1.6K,baseline,130000.0,~recency,2026-09-30,2026-09-29,"In this 2026 social media video, creator Hannah Neeleman (@ballerinafarm) docume","In this 2026 social media video, creator Hannah Neeleman (@ballerinafarm) documents a full-day meal prep session at her ranch home, assisted by her mother and friend Alethia, with her young children participating throughout. Set in a rustic kitchen with a green Aga stove and large windows, she prepa",personality,False,none,,ranch-lifestyle,1,False,依赖农场人设+生活方式,False,,
2026-09-30,food,5,https://www.instagram.com/reel/Ddq2VplJVWi/,@apni.rasoi02,690000,240,baseline,115000.0,~recency,2026-09-30,2026-09-24,This is a short-form food reel demonstrating how to make 'Viral Garlic Maggi.' T,"This is a short-form food reel demonstrating how to make 'Viral Garlic Maggi.' The video opens with two packets of Maggi instant noodles held above a stone mortar containing whole garlic bulbs. The creator peels garlic cloves into the mortar, adds a spoonful of red chili powder, and grinds them toge",template,True,strong,复刻蒜香Maggi：方便面+一整头大蒜,viral-recipe-trend,4,True,,False,,True
2026-09-30,food,6,https://www.instagram.com/reel/DdwUdWmzp1h/,@koyaltalks,260000,2.4K,baseline,65000.0,~recency,2026-09-30,2026-09-26,"This is a short, nighttime social media reel from Bhubaneswar, Odisha, posted by","This is a short, nighttime social media reel from Bhubaneswar, Odisha, posted by creator @koyaltalks. It opens with two young women filming a selfie outdoors, smiling and waving, with on-screen text reading 'Current Obsession of Bhubaneswar Girls 🤤 Taste of Kathmandu.' The video then cuts to the 'Ta",personality,False,weak,,food-vlog,1,False,探店vlog依赖地点,False,,
2026-09-30,food,7,https://www.instagram.com/reel/Dd226KFSPIb/,@piu_rannaghor,61000,71,baseline,61000.0,~recency,2026-09-30,2026-09-29,"This is a short-form cooking reel posted by @piu_rannaghor, a food blogger from ","This is a short-form cooking reel posted by @piu_rannaghor, a food blogger from Jalpaiguri, West Bengal, captioned 'ভাইরাল শসা মাখা' (viral cucumber mash). Set against a bright red table, a person with red nail polish demonstrates how to prepare stuffed cucumber shots. They peel a whole cucumber, sl",template,True,strong,黄瓜掏空填馅：viral黄瓜杯第二弹,viral-recipe-trend,4,True,,False,,True
2026-09-30,food,8,https://www.instagram.com/reel/Dd5gH7mSBMD/,@bhukkadmahi,55000,300,baseline,55000.0,~recency,2026-09-30,2026-09-30,"This is a vibrant, fast-paced food reel from creator Mahima Singh (@bhukkadmahi)","This is a vibrant, fast-paced food reel from creator Mahima Singh (@bhukkadmahi) showcasing a wide variety of Indian street food and restaurant dishes, likely filmed in Prayagraj/Allahabad and Kanpur in 2026. The montage cycles through close-ups of kachori with chutney, pani puri being filled, noodl",news,False,weak,,food-montage,1,False,纯合集，无可复制机制,False,,
2026-09-30,food,9,https://www.instagram.com/reel/DdpVbQblFVf/,@zackdfilms,330000,3.5K,baseline,47142.9,~recency,2026-09-30,2026-09-23,This is an AI-generated animated tutorial titled 'How To Make A Prison Burrito' ,"This is an AI-generated animated tutorial titled 'How To Make A Prison Burrito' by creator @zackdfilms. Set in a stylized prison cell, a man in an orange jumpsuit demonstrates the recipe using a bag of Doritos as the container. He crushes the chips from the bottom up without bursting the bag, then a",template,True,weak,,ai-animation-recipe,1,True,AI动画向，不符合真人实拍角度,False,,
2026-09-30,food,10,https://www.instagram.com/reel/DdypPCjuKie/,@badbatchbaking,130000,1.8K,baseline,43333.3,~recency,2026-09-30,2026-09-27,This is a short-form cooking video by creator Mallory Austin (@badbatchbaking) d,"This is a short-form cooking video by creator Mallory Austin (@badbatchbaking) demonstrating how to make 'French Toast Waffles.' The video opens with the finished dish: a stack of golden-brown waffles topped with melting butter and syrup being poured over them, with Eggo Homestyle waffle box and Pea",template,True,strong,法式吐司华夫：蛋奶液+华夫复刻,viral-recipe-trend,4,True,,False,,True
2026-09-30,pet,11,https://www.instagram.com/reel/Ddy1txMKzc1/,@ringodanyan,1400000,2.9K,baseline,466666.7,~recency,2026-09-30,2026-09-27,"This short-form social media video features Ringo, a brown tabby cat, presented ","This short-form social media video features Ringo, a brown tabby cat, presented as a helpful worker. The first sequence shows Ringo sitting on the floor under a desk chair wearing a miniature red hard hat with an illuminated headlamp, looking up attentively while a person's hand uses an Allen wrench",template,True,strong,给自家宠物戴迷你安全帽，配音“今天上工”,pet-voiceover-comedy,3,True,,False,,True
2026-09-30,pet,12,https://www.instagram.com/reel/Dd5EexYgZj4/,@official.charlesthegr8,170000,1K,baseline,170000.0,~recency,2026-09-30,2026-09-30,A young man in an olive green hoodie enters a bedroom with blue LED strip lights,"A young man in an olive green hoodie enters a bedroom with blue LED strip lights, looking down at his phone. He pauses, looks concerned, and peers toward the floor. The camera cuts to under the bed where a large, gray rat with red eyes and prominent teeth emerges and opens its mouth aggressively. Th",luck,False,weak,,prank,1,False,整蛊向，不符合宠物日常角度,False,,
2026-09-30,pet,13,https://www.instagram.com/reel/DdzGKhPDbUa/,@ladbibleireland,290000,1.5K,baseline,96666.7,~recency,2026-09-30,2026-09-27,"The video, posted by LADbible Ireland and credited to ViralHog, shows a first-pe","The video, posted by LADbible Ireland and credited to ViralHog, shows a first-person view entering a bright hotel room through an open sliding patio door. Inside, a small black stray cat is fast asleep sprawled on its back on the white-sheeted bed near the pillows. On-screen text explains the situat",luck,False,none,,viral-animal-moment,1,False,偶然拍到，不可复制,False,,
2026-09-30,pet,14,https://www.instagram.com/reel/Dd66JF4Klqq/,@good.boy.ollie,86000,940,baseline,86000.0,~recency,2026-09-30,2026-09-30,"A social media video posted September 30, 2026 by @good.boy.ollie features two L","A social media video posted September 30, 2026 by @good.boy.ollie features two Labrador dogs. The older chocolate Lab, Ollie, films himself from a low angle and, using an AI voiceover, explains he borrowed his mum's phone to make a video for his little brother Tato's birthday tomorrow. He then prese",template,True,strong,用AI配音让狗“说话”，讲家里的事,pet-voiceover-comedy,3,True,,False,,True
2026-09-30,pet,15,https://www.instagram.com/reel/Dd6xwSHRmx-/,@bitch,74000,660,baseline,74000.0,~recency,2026-09-30,2026-09-30,"This is a short, lighthearted home video filmed from a fixed security-camera ang","This is a short, lighthearted home video filmed from a fixed security-camera angle showing a living room and open kitchen. On-screen text reads 'When doodles don't know how big they are.' A woman in a white top sits at the kitchen island in the background. In the foreground, a large gray sectional c",luck,False,none,,caught-on-camera,1,False,偶然抓拍,False,,
2026-09-30,pet,16,https://www.instagram.com/reel/Dd4WZVQJZPp/,@elliegoldenlife,66000,250,baseline,66000.0,~recency,2026-09-30,2026-09-29,"In a living room in Washington D.C., creator Kevin Bubolz (@elliegoldenlife) hol","In a living room in Washington D.C., creator Kevin Bubolz (@elliegoldenlife) holds his golden retriever Emma upright on a woven ottoman so she faces a large TV. On-screen text reads 'POV your dog gets into her first fight 😬'. The TV plays a scene from a Spider-Man film featuring Tom Holland, showing",template,True,strong,POV：给狗看电影打斗场面，配它的反应,pet-tv-reaction,1,True,,False,,
2026-09-30,pet,17,https://www.instagram.com/reel/Dd7Lrl0Pe5T/,@imbluethesiberian,62000,930,baseline,62000.0,~recency,2026-09-30,2026-09-30,"In a bright modern kitchen with light wood floors, a man in a light blue t-shirt","In a bright modern kitchen with light wood floors, a man in a light blue t-shirt and beige cap kneels to test how his five dogs react to a new trick. He places a small black spatula on the floor and offers a treat for retrieving it. First, husky 'Blue' sits, stares, and refuses, with captions sugges",template,True,strong,给宠物下简单指令，配内心独白字幕：“这点工资也想让我干活？”,pet-voiceover-comedy,3,True,需要宠物配合,False,,True
2026-09-30,pet,18,https://www.instagram.com/reel/DduXajVyUrx/,@abram.engle,300000,850,baseline,60000.0,~recency,2026-09-30,2026-09-25,A young man in a blue Kansas Jayhawks t-shirt and gray shorts walks through a br,"A young man in a blue Kansas Jayhawks t-shirt and gray shorts walks through a bright, modern living room while on-screen text reads 'that one friend that has a cat couch.' He gestures toward a massive, gray, shaggy sectional sofa shaped like a giant cat with yellow eyes and black stripes. He sits on",news,False,none,,weird-product,1,False,依赖奇葩家具,False,,
2026-09-30,pet,19,https://www.instagram.com/reel/Dd1x5MSxoc6/,@azo_harb,120000,610,baseline,60000.0,~recency,2026-09-30,2026-09-28,"This is a short comedy reel posted by creator @azo_harb on September 28, 2026. T","This is a short comedy reel posted by creator @azo_harb on September 28, 2026. The video alternates between shots of a young man with brown hair and a beard wearing a black t-shirt sitting indoors under a chandelier, and a black cat with yellow eyes sitting on a tiled floor next to a pink bear-shape",personality,False,weak,,cute-moment,1,False,纯可爱瞬间，无机制,False,,
2026-09-30,pet,20,https://www.instagram.com/reel/Dd0cuwNuwL4/,@varshasolanki202,110000,920,baseline,55000.0,~recency,2026-09-30,2026-09-28,"This short social media reel alternates between two subjects. First, a black cat","This short social media reel alternates between two subjects. First, a black cat sits upright on a tiled floor next to a pink cat tree, its face digitally edited to show a wide, toothy human smile. The cat moves its paws in human-like ways — waving, crossing arms, placing a paw to its mouth in a 'sh",template,True,weak,实测给猫P人脸微笑的AI特效,ai-pet-meme,2,True,特效向，不符合日常+配音角度,False,,
2026-09-30,general,21,https://www.instagram.com/reel/Dd33UwJN9c4/,@andrejko.epta,300000,1.9K,baseline,300000.0,~recency,2026-09-30,2026-09-29,In a bustling daytime city street lined with tall buildings and crowds (consiste,"In a bustling daytime city street lined with tall buildings and crowds (consistent with Tokyo's Shibuya crossing), two young women walk arm-in-arm across the road. A man in a black '1win' t-shirt rushes in and unrolls a small red carpet in front of them. The women stop, visibly surprised and amused,",challenge,True,strong,街头红毯：给路人铺红毯，看反应,street-red-carpet,1,True,需要上街,False,,
2026-09-30,general,22,https://www.instagram.com/reel/Dd1bBUCSW7x/,@anshkukreja_01,510000,1.7K,baseline,255000.0,~recency,2026-09-30,2026-09-28,"The video captures a public dance performance at dusk in an open-air plaza, like","The video captures a public dance performance at dusk in an open-air plaza, likely in India given the setting and attire of the crowd. A young man in a white button-down shirt and ripped black jeans and a young woman in a white crop top and black wide-leg pants dance together in the center of a pave",personality,False,none,,dance-performance,1,False,依赖舞蹈能力,False,,
2026-09-30,general,23,https://www.instagram.com/reel/Dd6tmTUxgbU/,@katseyeworld,190000,640,baseline,190000.0,~recency,2026-09-30,2026-09-30,"A short-form social media video posted September 30, 2026 by @katseyeworld promo","A short-form social media video posted September 30, 2026 by @katseyeworld promotes KATSEYE's 'WILD WORLD TOUR.' It features two performers identified in the caption as Yoonchae and Megan Skiendiel dancing indoors, likely backstage. The first performer has long blonde hair and wears a pink ripped-sh",high_cost,False,none,,artist-promo,1,False,艺人宣传,False,,
2026-09-30,general,24,https://www.instagram.com/reel/Dd2ToYmNgCX/,@memityhub,370000,1.4K,baseline,185000.0,~recency,2026-09-30,2026-09-28,This is a montage compilation of the viral 'Suspect Challenge' social media tren,"This is a montage compilation of the viral 'Suspect Challenge' social media trend, posted in 2026. The format is consistent across dozens of short outdoor clips: a person (child or adult) jogs away from the camera, then turns to face it as on-screen text delivers a humorous 'accusation' about them. ",challenge,True,strong,Suspect Challenge：朋友跑开回头，字幕打出他的“罪状”,suspect-challenge,12,True,,False,,True
2026-09-30,general,25,https://www.instagram.com/reel/Ddy2niOCf_Y/,@twinprankss,400000,1K,baseline,133333.3,~recency,2026-09-30,2026-09-27,Two identical twin brothers sit in the front seats of a car for a 'colour challe,"Two identical twin brothers sit in the front seats of a car for a 'colour challenge' video. On-screen text reads 'Doing the colour challenge with my twin brother...' with heart emojis tracking each round. They turn back-to-back, then reveal items simultaneously: red (a Cartier bracelet in its box), ",challenge,True,strong,颜色挑战：和朋友背对背，每轮亮出同色物品,colour-challenge,1,True,,False,,
2026-09-30,general,26,https://www.instagram.com/reel/Dd61SVZMZ1a/,@rampagejackson,86000,540,baseline,86000.0,~recency,2026-09-30,2026-09-30,The video depicts a staged courtroom scene posted by MMA personality Rampage Jac,"The video depicts a staged courtroom scene posted by MMA personality Rampage Jackson (@rampagejackson). A group of people stands in wooden pews as a bailiff calls 'All rise for Judge Jackson.' Jackson, wearing a black judicial robe over a white shirt, enters through a door, holding a phone, and imme",personality,False,none,,celebrity-skit,1,False,依赖名人+群演,False,,
2026-09-30,general,27,https://www.instagram.com/reel/Dd4w8FiBN4X/,@alishamnow,56000,1K,baseline,56000.0,~recency,2026-09-30,2026-09-29,"A woman dances alone in a room with wood flooring and a textured gray wall, perf","A woman dances alone in a room with wood flooring and a textured gray wall, performing the viral 'Bow Bow Bow' trend credited to @thezeddywill. She wears a black long-sleeve crop top, brown high-waisted leggings, and heeled shoes. Throughout the clip she executes energetic, rhythmic movements includ",template,True,weak,,dance-trend,3,False,依赖舞蹈能力,False,,
2026-09-30,general,28,https://www.instagram.com/reel/Dd6Zolsh37J/,@sahilkhan_nt,54000,880,baseline,54000.0,~recency,2026-09-30,2026-09-30,"In an outdoor plaza setting in front of shops including Burger King and M2K, cre","In an outdoor plaza setting in front of shops including Burger King and M2K, creator Sahil Khan (in a red 'Lois Vuiton' shirt) hosts a food challenge titled '100 Momos 3 Boys.' He introduces three participants labeled 1, 2, and 3, offering a 5,000 rupee prize for finishing 100 momos together. The vi",challenge,True,strong,100个饺子挑战：3人分，设奖金,food-challenge,1,True,,False,,
2026-09-30,general,29,https://www.instagram.com/reel/DdxrRUJMyID/,@superstar_dewasi99,140000,1K,baseline,46666.7,~recency,2026-09-30,2026-09-27,"The video features Indian social media creator Rupa Ram, known as 'Taklu Baadsha","The video features Indian social media creator Rupa Ram, known as 'Taklu Baadshah,' performing an energetic dance routine in an indoor parking garage at night. He is dressed in a colorful, graffiti-patterned oversized jacket over a black t-shirt, light blue jeans, and dark shoes, accessorized with n",personality,False,none,,dance-personality,1,False,依赖人设+舞蹈,False,,
2026-09-30,general,30,https://www.instagram.com/reel/Dd0Z6d5p8pC/,@twinkle_gleam12,82000,300,baseline,41000.0,~recency,2026-09-30,2026-09-28,A young woman identified as Neha Bhagat (@twinkle_gleam12) performs a short-form,"A young woman identified as Neha Bhagat (@twinkle_gleam12) performs a short-form dance reel in an indoor room decorated with framed music-themed art. The video is split into two distinct looks under colored lighting. Initially, under purple light, she wears a light pink cropped t-shirt reading 'AURO",personality,False,none,,dance-lipsync,1,False,依赖个人表现力,False,,
