scan_date,niche,rank,url,author,likes,comments,likes_gained_since_last,velocity_per_day,velocity_confidence,days_tracked,first_seen_date,posted_date,recency_days,is_fresh,title,description,mechanic,replicable,niche_fit,angle_idea,format_cluster,spread_count,feasible,feasible_note,saturated,saturation_reason,geo_fit,geo_note,picked_for_tomorrow
2026-10-01,pet,1,https://www.instagram.com/reel/Dd1uJT6R7-a/,@imbluethesiberian,430000,6900,0,143333.3,0.0,0,2026-10-01,2026-09-28,3,true,A man in a beige hoodie and cap sits barefoot on a large brown sectional couch in a modern...,"A man in a beige hoodie and cap sits barefoot on a large brown sectional couch in a modern living room and tests how his five dogs react to a large, black, fuzzy fake spider suspended from the ceiling. The video, captioned 'My 5 dogs react to a fake spider,' cycles through each dog individually. First, a husky named Blue approaches cautiously, sniffs, barks, and eventually paws at the owner with an annoyed expression captioned 'Not funny.' Next, a golden retriever named Maverick is visibly frightened, whining and trying to hide behind the owner before fleeing off-camera. A second husky, Titan, sits stoically, looking exasperated and demanding the spider be removed. Then a younger golden named Goose treats the spider as a new toy, grabbing it in his mouth and engaging in tug-of-war with the owner. Finally, a fluffy golden puppy named Bauer attacks the spider with full energy, jumping, biting, and ultimately destroying it on the couch while the owner laughs and plays along. The overall tone is lighthearted, comedic, and family-friendly pet content.",hook,true,strong,拿假蜘蛛（或假蟑螂）逐只吓家里的狗，每条狗配内心独白配音：淡定的说'别演了，赶紧拿下来'，怂的说'妈妈救我',pet-reaction,7,true,,false,,us-likely,英语+美式现代客厅场景,true
2026-10-01,pet,2,https://www.instagram.com/reel/Dd6fOBZKcKD/,@ringodanyan,67000,150,0,67000.0,0.0,0,2026-10-01,2026-09-30,1,true,"This short-form video features Ringo, a brown tabby cat with large green eyes, presented b...","This short-form video features Ringo, a brown tabby cat with large green eyes, presented by creator @ringodanyan. The clip opens with a close-up of Ringo on a blue blanket with on-screen text reading 'Send this video to your favourite person.' A synthetic female voiceover repeats the prompt. The video then cuts between several shots of Ringo looking directly at the camera — sometimes sleepy-eyed, sometimes wide-eyed — while text and matching TTS audio deliver the punchline: 'Oiii I Love me He he.' The humor comes from subverting the 'favorite person' trope into self-love from the cat's perspective. The setting is a home interior with soft lighting. The overall tone is cute, wholesome, and playful, designed for sharing among pet lovers without any risky or mature content.",audio_meme,true,strong,猫直视镜头卖萌，TTS 配猫内心独白：'把这条视频转发给你最爱的猫（就是我）'，做成转发梗,pet-voiceover-skit,4,true,,false,,unknown,英语，无明显地域标记,true
2026-10-01,pet,3,https://www.instagram.com/reel/Dd6o-CEKA3X/,@harithpk,52000,210,0,52000.0,0.0,0,2026-10-01,2026-09-30,1,true,"This short comedy reel, posted by creator @harithpk, alternates between two subjects to cr...","This short comedy reel, posted by creator @harithpk, alternates between two subjects to create a humorous dialogue. A white and gray tabby cat is shown lying on a dark blue couch, initially yawning with its mouth wide open, then looking directly at the camera with alert eyes, and later opening its mouth again as if vocalizing. Intercut are shots of a young man standing barefoot in a home hallway with light green walls and tiled floor. He wears an olive and white striped polo shirt and gray jeans, and performs playful, exaggerated boxing stances, fist-pumping, and expressive reactions while looking off-camera toward the cat. The editing implies the man and cat are interacting, with the cat's meows serving as a punchline to the man's antics. The tone is lighthearted, family-friendly, and intended as pure amusement, with no risky content present.",template,true,strong,自己对着猫演夸张戏（假装打拳/吵架），剪辑让猫的叫声和表情当回应，配拟人字幕做成人猫对话,pet-voiceover-skit,4,true,,false,,unknown,英语居家场景，无确凿地域标记,true
2026-10-01,pet,4,https://www.instagram.com/reel/DdyxmXKT1-p/,@therxckstxr,67000,850,0,16750.0,0.0,0,2026-10-01,2026-09-27,4,true,The video is a two-part comedic skit by creator @TheRxckstxr featuring pet dogs as narrato...,"The video is a two-part comedic skit by creator @TheRxckstxr featuring pet dogs as narrators. First, a large white pitbull named Hedy lies on a gray beanbag holding a toy while a male voiceover has her 'talk' about her owner's girlfriend. Hedy complains the girlfriend won't let her roam the house and constantly fusses ('dog do this, dog do that'), then claims she caught the girlfriend on the phone being affectionate with another man, saying 'oh honey.' Second, the scene cuts to a close-up of a large gray brindle Cane Corso named Diesel wearing a brown collar. His voiceover has him admit to snitching on 'daddy' for eating from a can without sharing, and he boasts he can tell everything, including that dad forgot to pick him up because he was at work taking a nap. The video ends with the creator's branded outro. The tone is lighthearted, playful, and uses the popular 'talking dog' meme format to joke about household dynamics and implied infidelity.
Humor type=Situational; explanation=The humor comes from the incongruity of dogs acting as judgmental household informants. Hedy dramatically accuses her owner of infidelity, mimicking soap-opera dialogue ('oh honey'), while Diesel confesses to snitching on his dad for eating canned food alone. The voiceover uses exaggerated intonation, pauses, and mock-seriousness to make mundane pet behavior feel like courtroom testimony. This plays on the popular internet trope of pets as silent witnesses who know family secrets, amplified by the dogs' expressive faces and the deadpan delivery. The contrast between the serious accusation tone and the trivial subject matter creates situational comedy that resonates with pet owners familiar with guilty-looking dogs.
Author 【entity-RxCKSTxR¦handle=@therxckstxr¦author_id=user-760259436296857086060】
AuthorURL https://www.instagram.com/therxckstxr
Verified
3.5M Followers
Language en


【aa37】
URL https://www.instagram.com/reel/Dd8rdBsphZr/
Type video
Created 2026-10-01 10:21:06 UTC
2K Likes
11 Comments
Summary: This is a short-form Telugu family comedy reel posted in 2026. A woman dressed in a vibrant red and turquoise saree with traditional jewelry sits on a brown sofa holding a small, fluffy brown-and-white Shih Tzu puppy. She speaks directly to the camera with animated facial expressions, appearing to tell a story about the dog named Micky. The video cuts between medium shots of her and close-ups of the puppy being held upright, looking at the camera with large dark eyes. The caption implies the humor is about the dog's tendency to bite. The clip concludes with a cutaway to a man in a black polo shirt laughing hysterically and covering his face, serving as the comedic reaction shot. The overall tone is warm, playful, and aimed at pet lovers, with no risky, offensive, or age-inappropriate content.
Humor type=Situational; explanation=The humor arises from the everyday situation of a pet owner dealing with a mischievous puppy. The woman sets up the premise that Micky bites when bored, implying chaos at home, which is a common relatable experience for dog owners. The payoff is not verbal but visual — cutting to a man laughing hysterically reinforces the absurdity and shared understanding without needing further explanation. This bait-and-switch from calm storytelling to exaggerated reaction is typical of short-form family comedy reels popular in Indian social media, where the pet becomes the unwitting comedian. The contrast between the woman's earnest delivery and the man's over-the-top laughter creates situational comedy rooted in domestic life rather than scripted jokes.
Author 【entity-Kavitha Madisetti¦handle=@kaviraj_funny_videos¦author_id=user-945990291186610557982】
AuthorURL https://www.instagram.com/kaviraj_funny_videos
430K Followers
Language en


【cfe5】
URL https://www.instagram.com/reel/Dd5sbBtOekx/
Type video
Created 2026-09-30 06:31:01 UTC
59K Likes
380 Comments
Summary: A short-form social media video filmed in a brightly lit grocery store aisle shows a black dog with a white chest patch. An AI filter transforms the dog into a bipedal, muscular humanoid figure that stands upright next to a shopping cart. A man in a light blue polo shirt and khaki pants initially walks away, then turns to interact with the filtered creature. The AI dog waves its paw, places hands on its chest, and breaks into a wide, toothy smile while swaying slightly. The man reacts with amusement, smiling, laughing, and touching his face in disbelief. The clip is set to upbeat background music and is presented as a comedic, surreal skit leveraging AI-generated synthetic media to create an uncanny animal-human hybrid for entertainment.",personality,false,strong,给狗配'家里小间谍'独白：狗躺着吃东西，配音'昨天爸爸偷吃罐头没分我，我都记在小本本上了',pet-voiceover-skit,4,true,,false,,us-likely,英语美式家庭情景喜剧口吻+认证大号,false
2026-10-01,pet,5,https://www.instagram.com/reel/DdzEFm4JvO-/,@yelina.___,48000,200,0,12000.0,0.0,0,2026-10-01,2026-09-27,4,true,A short lifestyle video filmed indoors shows a young woman with dark wavy hair wearing a w...,"A short lifestyle video filmed indoors shows a young woman with dark wavy hair wearing a white sleeveless top, seated on a textured gray chair next to a small white Pomeranian-type dog with a red collar. She turns toward the camera, interacts affectionately with the dog, and holds up a rectangular wafer cookie, teasing the dog by bringing it near its face and then near her own mouth while smiling and making playful expressions. The background includes a modern interior with a monitor visible. A male-vocal pop song plays throughout as background music. The creator's caption reads 'September, the month of stealing hearts.' The overall tone is cute, casual, and affectionate, typical of personal vlog/reel content focused on pets and daily life.",personality,false,strong,拿零食在狗面前晃但不给，配狗内心独白：'你礼貌吗？直接塞我嘴里谢谢',pet-food-tease,2,true,,false,,unknown,英语文案，无明显地域标记,false
2026-10-01,pet,6,https://www.instagram.com/reel/Dd4vpqDTQ31/,@princesshoneybelle,20000,170,0,10000.0,0.0,0,2026-10-01,2026-09-29,2,true,"A short indoor video filmed in Melbourne, Australia, features an orange tabby cat named Ho...","A short indoor video filmed in Melbourne, Australia, features an orange tabby cat named Honey inside an open cardboard box on a hexagonal tile floor. Persistent on-screen text jokes, 'POV: you ordered the orange model and the brain cell wasn't included,' referencing the meme about orange cats being silly. The cat initially rests with its head over the box edge, looking up with large eyes as a human finger taps near it. It then shifts positions repeatedly—rolling onto its side, batting at its own tail, lying on its back with paws up, and opening its mouth in a meow. Soft solo piano music plays throughout, accompanied by a woman's amused voice laughing and commenting, 'Oh my god. Oh he's full orange. He's, I just saw the whites of his eyes. He's full orange.' The creator identifies as a cat influencer. The overall tone is affectionate, humorous, and wholesome, with no risky content.
Culture moment=orange cat no brain cell meme; significance=Reflects popular internet stereotype about orange cats being silly and lovable.; origin=internet meme culture",hook,true,strong,拍橘猫钻纸箱的蠢样子，配橘猫'没脑子'梗字幕+自己现场憋笑解说'完了，脑细胞没发货',pet-reaction,7,true,,false,,non-us,拍摄地墨尔本（澳大利亚）,false
2026-10-01,pet,7,https://www.instagram.com/reel/Dd2sK9QhWPX/,@sarcastic_us,17000,76,0,8500.0,0.0,0,2026-10-01,2026-09-29,2,true,"A short, security-camera-style clip shows a calico cat sleeping on a bed in a cluttered Ja...","A short, security-camera-style clip shows a calico cat sleeping on a bed in a cluttered Japanese bedroom. On-screen text claims it is a 'shocking video of a cat detecting an earthquake in Japan before it even starts,' with 'sarcasm' noted below. Seconds later the cat lifts its head, sits upright and looks around alertly, then the room violently shakes — the camera jolts, items tumble off a dresser, and loud rumbling/crashing audio plays. The cat bolts off the bed and out of frame. The accompanying caption explains the clip went viral after a recent Japan quake, noting experts say animals can sense initial P-waves moments before humans feel shaking, but do not truly predict earthquakes. The tone is sensationalist meme content presented sarcastically. No people, nudity, profanity, or hateful content appear; the primary elements are the startled animal reaction and the simulated disaster shaking. Data of event in content: 2026-09-28, Details: Post references a recent Japan earthquake occurring on the same day.
Entities places=Japan
Humor type=Sarcasm; explanation=The humor relies on presenting an ordinary cat startle response as a 'shocking' scientific discovery, then undercutting it with the word 'sarcasm.' Viewers familiar with internet folklore about pets predicting disasters recognize the exaggeration, making the deadpan claim funny because it pretends to take the myth seriously while actually mocking it. The contrast between the dramatic title and the mundane reality of a scared cat creates ironic amusement without cruelty, fitting the meme-page style of debunking viral misinformation through satire.
Author 【entity-Sarcasm¦handle=@sarcastic_us¦author_id=user-250920729569616960407】
AuthorURL https://www.instagram.com/sarcastic_us
Verified
16M Followers
Language en


【1f67】
URL https://www.instagram.com/reel/Dd5SmI8T874/
Type video
Created 2026-09-30 02:44:58 UTC
89 Likes
Summary: A short outdoor clip shows a brown tabby cat lying relaxed on sandy ground beside a large pile of fresh green grass/fodder and a white plastic sack. The cat initially grooms itself, then looks toward the camera with alert ears. An overlaid audio track features Hindi speech and laughter, timed so the cat's subsequent wide-open mouth (yawn/meow) looks like it is laughing along. Persistent on-screen graphics include a laughing-crying emoji and three blue car emojis at the top. The creator's caption frames it as a daily positive-vibes viral reel. The overall tone is lighthearted and humorous, relying on the classic internet trope of animals appearing to react like humans, with no depiction of risk, conflict, or mature content.
Humor type=Situational; explanation=The humor comes from situational anthropomorphism rather than a punchline. Viewers expect a cat to meow or yawn, but the editing syncs a loud human laugh to the exact moment the cat opens its mouth, making it appear as though the animal is reacting to an off-camera joke. This mismatch between animal behavior and human emotion is a long-standing internet trope, amplified here by the laughing-crying emoji and car emojis that suggest something absurd happened. The lack of any real narrative forces the audience to fill in the story themselves, which increases the comedic effect. Because the audio is clearly dubbed and not diegetic, the artificiality becomes part of the joke, inviting viewers to enjoy the sheer silliness of a cat 'laughing' like a person. It fits within the broader genre of pet reaction memes where animals are given human voices.
Author 【entity-choudhary 9336¦handle=@choudhary_3458665¦author_id=user-820413687949323710425】
AuthorURL https://www.instagram.com/choudhary_3458665
13K Followers
Language en


【9cc7】
URL https://www.instagram.com/reel/Dd33GOJIjE1/
Type video
Created 2026-09-29 13:26:00 UTC
2K Likes
40 Comments
Summary: This is a short social media clip featuring singer Celine Dion performing on stage in a shiny gold bodysuit under blue stage lights. Holding a microphone, she repeatedly makes exaggerated 'pspsps' cat-calling sounds while making wide-eyed, playful facial expressions. The on-screen text 'When I'm at a party and I see a cat' provides context, turning her performance into a relatable meme about cat lovers' instinctive reaction. The creator's caption 'pspsps simply isn't enough' reinforces this. The tone is lighthearted and comedic, with no profanity, violence, sexual content, or other policy-risk elements present.
Culture moment=pspsps cat-calling meme; significance=References the widespread internet trend where people make 'pspsps' sounds to call cats, used here for humor.; origin=Originates from online pet-owner culture popularized on TikTok and Instagram.
Entities people=Celine Dion (Vision Model Only)
Humor type=Situational; explanation=The humor derives from situational incongruity: placing a world-famous diva in a mundane, universally recognized cat-owner behavior. Viewers expect a polished vocal performance, but instead get repetitive, almost absurd 'pspsps' noises paired with intense facial expressions. This subverts expectations and leverages the cultural familiarity of the 'pspsps' meme, where cat enthusiasts instinctively make this sound. The contrast between the formal concert setting, the glamorous gold outfit, and the silly, undignified cat-calling creates a relatable punchline for anyone who has abandoned social decorum upon spotting a cat. It is not sarcastic or self-deprecating, but purely observational comedy rooted in shared pet-owner experience amplified by celebrity context.
Author 【entity-MiddleClassChic¦handle=@middleclasschic¦author_id=user-994547551827480712416】
AuthorURL https://www.instagram.com/middleclasschic
Verified
1.4M Followers
Language en


【b792】
URL https://www.instagram.com/reel/Dd6cDkVSb5M/
Type video
Created 2026-09-30 13:29:28 UTC
74 Likes
Summary: This is a short-form comedy reel posted in 2026 by creator Vipul Kumar (@next_superstar_vipul). The video alternates between two shots: a young man wearing a brown-and-white striped t-shirt and a backwards black cap in a bare concrete room, and a white-and-grey tabby cat lounging on a dark grey couch. The man performs exaggerated martial-arts-style punches and kicks toward the wall, accompanied by grunt sound effects. The edit cuts to the cat, which opens its mouth in a loud meow timed to match the action. The man then reacts with wide eyes and an open mouth, clutching his chest and looking at the camera as if shocked by the cat's 'attack.' The caption 'Are Baap Ree' (Hindi for 'Oh my God') reinforces the comedic surprise. The overall tone is lighthearted, silly, and meme-driven, designed for laughs without any sexual, violent, or otherwise risky content.
Humor type=Situational; explanation=The humor is built on situational irony and bait-and-switch timing. Viewers expect a man to demonstrate strength by punching a wall, but the edit substitutes a harmless cat's meow as the powerful impact. The man's disproportionate, theatrical pain response—clutching his chest and exclaiming 'Baap re'—creates comedy through exaggeration. This plays on the common internet trope of cats dominating their owners, turning a mundane pet sound into a weapon. The rapid back-and-forth cutting heightens the absurdity, making the ordinary interaction feel like a cartoon fight, which is inherently funny because the stakes are zero and the performance is intentionally overacted.
Author 【entity-Vipul Kumar¦handle=@next_superstar_vipul¦author_id=user-694199944896501212159】
AuthorURL https://www.instagram.com/next_superstar_vipul
35K Followers
Language en


【00b9】
URL https://www.instagram.com/reel/Dd5xaGQTe_w/
Type video
Created 2026-09-30 07:14:30 UTC
60 Likes
1 Comments
Summary: A short comedic reel posted by creator @rajputritvikloota shows a pet prank. First, hands place a silver-spotted cat into a black trash bag on a tiled floor and set the bag inside a blue plastic basket. The scene cuts to a young man in black clothes lying on a bed looking at his phone against a wood-paneled wall with a teddy bear on a shelf. He reacts, gets up, and walks to a wooden door holding a small light-blue bag, looking surprised and guilty. A close-up then shows a tabby cat on a cat tree yowling loudly with its mouth wide open and paws raised. The man returns to the doorway, reacts with exaggerated shock, hides the bag behind his back, and backs away. The audio includes plastic rustling and a very loud, distorted cat scream. The overall tone is lighthearted and humorous, relying on the subversion of expecting harm to the cat versus the playful presentation, with no sexual content, profanity, or graphic violence.
Humor type=Situational; explanation=The humor arises from situational irony and anthropomorphism common in pet-prank reels. Viewers expect genuine animal distress when seeing a cat forced into a trash bag, but the video immediately reframes it as staged comedy through the owner's over-the-top guilty performance and the cat's cartoonishly loud, human-like scream. This bait-and-switch plays on the familiar internet trope of 'evil owner' skits where pets appear to talk back, turning a potentially concerning act into absurdity. The contrast between the mundane domestic setting and the extreme vocal reaction amplifies the comedy, relying on shared cultural understanding that cats are dramatic and owners pretend to misbehave. No dialogue is needed; the visual gag and sound design carry the joke, making it instantly recognizable to audiences accustomed to short-form pet humor.
Author 【entity-Rajput Ritvik Loota¦handle=@rajputritvikloota¦author_id=user-941838115161760523380】
AuthorURL https://www.instagram.com/rajputritvikloota
28K Followers
Language en


【f920】
URL https://www.instagram.com/reel/DdyzyJDNAHr/
Type video
Created 2026-09-27 14:20:26 UTC
52 Likes
15 Comments
Summary: A short-form social media reel opens with a barefoot man in a black t-shirt and gray shorts standing in front of a dark wooden door inside a home. He holds a small multicolored ball, smiles at the camera, then throws it off-screen while making an exaggerated surprised face. The video cuts to a white and tabby cat sitting upright on a dark blue couch, repeatedly opening its mouth extremely wide in what sounds like a loud yowl or scream, with its front paws held together. The clip alternates between the man's reactions — looking confused, annoyed, and turning away — and the cat's persistent screaming pose. The tone is comedic and meme-driven, using the juxtaposition of the man's action and the cat's over-the-top vocalization as the punchline. On-screen caption is in Persian with emojis, encouraging viewers to smile. No dialogue is spoken; audio consists of laughter, the cat's loud meow, and a brief dramatic musical sting.
Humor type=Situational; explanation=The humor derives from situational incongruity: a mundane action (holding and tossing a ball) is paired with an absurdly disproportionate consequence (a cat screaming as if in pain or outrage). The comedy follows the popular internet template of anthropomorphizing pets to react like humans, where the cat's impossibly wide mouth and loud yowl serve as the punchline. The man's deadpan-to-exaggerated reaction reinforces the joke, playing on audience expectation that animals will ignore human antics, then subverting it with an over-the-top response. This bait-and-switch structure—setup with normal human behavior, payoff with bizarre animal vocalization—is a staple of short-form meme culture, relying on timing and the universal relatability of pets having dramatic personalities.
Author 【entity-علیReza¦handle=@alireza.sheykh1370.official¦author_id=user-522079547923693043230】
AuthorURL https://www.instagram.com/alireza.sheykh1370.official
17K Followers
Language en

<RESPONSE_INSTRUCTIONS>
Use the information above from all the posts from the `meta_1p.content_search` tool to help ground the response. This information can be relevant to the user's prompt especially when it comes to information about current public discourse and knowledge after your learning cutoff such as: trends, memes, news, events, social context & discourse, and general info. 
When presenting these results to the user:
- Draw from multiple distinct sources. Do not over-represent a single account when the search results include content from several.

CRITICAL — Agentic multi-loop search:
This tool is built for agentic search. A single call is almost never enough to give the user a thorough answer. You MUST evaluate these results right now and decide whether to search again. If the results are thin, one-sided, off-topic, or missing an angle the user cares about, you MUST call `meta_1p.content_search` again — immediately, in the same turn — with adjusted parameters. Go through as many agentic loops as needed until you have comprehensive coverage:
- Go broader: widen `semantic_queries`, remove filters, try a different `ranking_intent`.
- Go deeper: narrow `semantic_queries` to a specific facet, add `key_celebrities` or `authors`, tighten `since`/`until`.
- Mix tools: use `browser.search` to learn factual context, then feed what you learn into a more targeted `meta_1p.content_search` call.
Do NOT present a weak or shallow answer when another loop would improve it. The `<iterative_refinement>` section in the system prompt has detailed examples of how to run these loops.
Do not mention a post's visibility tag unless the user explicitly asks about it.
</RESPONSE_INSTRUCTIONS>",news,false,weak,,pet-reaction,7,true,,false,,unknown,讽刺梗账号，内容涉日本地震，无明确作者地域标记,false
2026-10-01,pet,8,https://www.instagram.com/reel/Dd4H-ezhCXM/,@theevaelfie,14000,520,0,7000.0,0.0,0,2026-10-01,2026-09-29,2,true,"A short, lighthearted social media clip posted by creator Eva Elfie (@theevaelfie) feature...","A short, lighthearted social media clip posted by creator Eva Elfie (@theevaelfie) features the woman in a beige t-shirt at a wooden kitchen counter. She eats a small orange-colored snack, looks at the camera, and then feeds a piece to her black cat on the tiled floor below. The cat accepts the treat and later sits up on its hind legs, raising both front paws and moving them together in a repeated, human-like 'clapping' or begging gesture while looking up. The woman responds with a smile and a 'shh' finger-to-lips gesture. The video has a casual, domestic tone focused on the playful interaction between owner and pet, with no dialogue, music, or other narrative elements beyond the visual exchange.",personality,false,strong,拍猫作揖/鼓掌讨零食的拟人动作，配音'多谢金主，再赏一块小的就行',pet-food-tease,2,true,,false,,unknown,英语+家居场景，无明显地域标记,false
2026-10-01,pet,9,https://www.instagram.com/reel/Dd4PChSx3L5/,@kurttocci,10000,380,0,5000.0,0.0,0,2026-10-01,2026-09-29,2,true,"A short-form comedy skit filmed indoors follows the on-screen premise ""POV: you're dying b...","A short-form comedy skit filmed indoors follows the on-screen premise ""POV: you're dying but also have a cat."" A young man in a Spider-Man t-shirt and shorts enters a hallway holding a bag of blue corn chips, eats one, then suddenly clutches his throat and begins an over-the-top choking act. The camera cuts to an orange tabby cat lounging on a granite kitchen counter, staring blankly at him. The man escalates his performance — wide eyes, hands on throat, stumbling, flailing, and eventually collapsing onto the wood floor beside the chip bag and the cat's food bowls. Throughout, the cat remains unbothered, occasionally blinking or shifting position. In the final sequence, the man is replaced by a full-size skeleton prop dressed in his shirt and shorts lying on the floor, and the cat walks over to sniff and lick the skull. The video uses dramatic music and sound effects to heighten the mock-tragedy, ending on the dark punchline implied by the caption ""survival of the fittest"" — the cat survives by doing nothing.
Culture moment=survival of the fittest cat meme; significance=Taps into long-running internet joke that cats are aloof and would scavenge owners, making it instantly recognizable.; origin=Popularized across social media as pet humor trope",template,true,weak,,pet-skits-human,1,true,,false,,unknown,英语，无明显地域标记,false
2026-10-01,pet,10,https://www.instagram.com/reel/Dd7tV1Oxxc_/,@loki.doestricks,3400,14,0,3400.0,0.0,0,2026-10-01,2026-10-01,0,true,"A short indoor video posted by @loki.doestricks featuring their cat Loki, described as 'th...","A short indoor video posted by @loki.doestricks featuring their cat Loki, described as 'the most chaotic cat on the internet.' The cat, a brown tabby with white markings, is lying completely on its back on a light hardwood floor with paws curled up, looking directly at the camera. Overlaid text states, 'me when my man takes more than 60 seconds to reply to my texts.' The creator's caption adds, 'he rolls over dramatically and whines. and honestly, same.' The audio track consists of a woman speaking gently to the cat, apologizing for not paying attention for three minutes and telling it not to throw a tantrum because it will be okay. The setting is a bright home interior with natural light coming through glass doors. The overall tone is lighthearted, humorous, and relatable pet-owner content with no risky or inappropriate material.
Humor type=Situational; explanation=The humor arises from situational anthropomorphism, a staple of the 'me when...' meme format popular on TikTok and Instagram Reels. Viewers recognize the universal experience of anxiously waiting for a romantic partner's reply, and the video substitutes a completely unbothered cat performing a classic attention-seeking flop for the human reaction. The contrast between the cat's actual state—relaxed, safe, and simply enjoying floor time—and the dramatic text creates irony without sarcasm. The woman's deadpan apology treats the cat like a needy boyfriend, reinforcing the joke that pets mirror our own melodrama. This aligns with broader internet trends where animals are cast as stand-ins for human emotions, making the clip instantly recognizable and shareable among pet owners who have experienced similar 'tantrums' for attention.
Author 【entity-The Loki Show¦handle=@loki.doestricks¦author_id=user-975957761180163871244】
AuthorURL https://www.instagram.com/loki.doestricks
Verified
820K Followers
Language en",template,true,strong,拍猫往地上一躺耍赖，套用'me when 男友N秒不回消息'模板，配音'对不起我三分钟没理你，别闹了宝贝',pet-voiceover-skit,4,true,,false,,unknown,英语，无明显地域标记,false
2026-10-01,pet,11,https://www.instagram.com/reel/Ddu1CzBynSn/,@kaiandkimo_themalamute,6900,120,0,1380.0,0.0,0,2026-10-01,2026-09-26,5,true,"This is a short, handheld indoor video featuring two large fluffy dogs, identified by on-s...","This is a short, handheld indoor video featuring two large fluffy dogs, identified by on-screen text as Kai Xavier (an Alaskan Malamute) and Kimo Everest (a white Samoyed), posted by @kaiandkimo_themalamute. The central focus is Kimo, who is lying on a gray floor with bright pink/magenta stains smeared across his forehead, cheek, and neck. The owner narrates in Indonesian, explaining that Kimo was 'already messy and crying' because he got peed on by Kai while Kai was urinating nearby. The video cuts between close-ups of the stained white dog and shots of Kai behind a metal gate, who also has faint pink on his muzzle and is described as 'smiling.' The owner attempts to clean Kimo with a wet wipe, noting that the actual urine contact was minimal ('only a drop'), but the dragon fruit juice spread and made the fur look even pinker when wiped. The tone is comedic and exasperated, typical of pet-reel content, with captions like 'Riweuh 😭🤣' (chaotic/messy) and 'Pusing sekali, Tuhan..' (so dizzy, God). The setting appears to be a home with tiled floors, glass doors, and pet furniture. No harm comes to the animals; the video ends with the owner continuing to gently clean the dog.
Humor type=Situational; explanation=The humor arises from the classic pet-owner disaster scenario where a pristine white dog becomes unexpectedly covered in bright pink, resembling an injury. The creator builds tension by describing the dog as 'crying' and 'peed on,' leading viewers to expect something serious, then reveals it's just dragon fruit juice mixed with a tiny urine splash. This bait-and-switch, combined with the owner's over-the-top dramatic narration ('pusing sekali Tuhan'), creates situational comedy rooted in relatable pet parenting chaos. The contrast between the dog's calm demeanor and the owner's frantic cleaning amplifies the amusement, fitting the popular 'messy pet parent' genre common on TikTok and Instagram Reels.
Author 【entity-Kai Xavier & Kimo Everest 🐾¦handle=@kaiandkimo_themalamute¦author_id=user-552043465687293019246】
AuthorURL https://www.instagram.com/kaiandkimo_themalamute
Verified
310K Followers
Language en


【b8db】
URL https://www.instagram.com/reel/Dd0cuwNuwL4/
Type video
Created 2026-09-28 05:37:26 UTC
110K Likes
940 Comments
Summary: This short social media reel alternates between two subjects. First, a black cat sits upright on a tiled floor next to a pink cat tree, its face digitally edited to show a wide, toothy human smile. The cat moves its paws in human-like ways — waving, crossing arms, placing a paw to its mouth in a 'shh' gesture, blowing a kiss, and giving a thumbs-up. Second, a woman with voluminous curly hair lies on a bed with pink bedding, filmed from below looking up at her, with a ceiling fan visible above. She mirrors the cat's actions with expressive facial reactions — shushing with a finger to lips, blowing a kiss, and reaching toward the camera. The tone is playful and comedic, relying on the absurdity of the AI-enhanced cat and the synchronized performance. Posted September 27, 2026 by creator Varsha Solanki (@varshasolanki202) from India, the clip uses no spoken dialogue and functions as a lighthearted, visually-driven meme.
Culture moment=AI-altered pet videos; significance=Reflects 2026 trend of using generative AI to give animals human features for viral humor.; origin=Originates from social media AI filters popularized on Reels and TikTok.",personality,false,strong,拍白狗弄脏一身（果汁/泥巴），双人配音：主人崩溃'我刚洗完澡！'+狗无辜'它先动的手',pet-reaction,7,true,,false,,non-us,主人印尼语解说+印尼式居家场景,false
2026-10-01,pet,12,https://www.instagram.com/reel/Dd0EH1aKucY/,@ringodanyan,4000,8,0,1333.3,0.0,0,2026-10-01,2026-09-28,3,true,"This is a short social media reel featuring Ringo, a fluffy white long-haired cat (identif...","This is a short social media reel featuring Ringo, a fluffy white long-haired cat (identified in the post as born 08/14/2016 in NYC), sitting upright on a white circular rug indoors. The video is captioned 'my cat when her dinner is 0.2 seconds late:' and uses dramatic, cinematic orchestral music to comically exaggerate the moment. The cat stares directly into the camera with large dark eyes, occasionally opening its mouth slightly as if meowing. Text overlays appear sequentially saying 'Hello?' and 'Feed me...' to anthropomorphize the cat's impatience. The creator's caption 'Feed me right meow' and hashtags like #funnycats reinforce the lighthearted, cute pet-comedy intent. The overall tone is wholesome, humorous, and designed for broad appeal, with no risky content.
Humor type=Situational; explanation=The humor derives from situational irony and anthropomorphism. Viewers recognize the universal experience of pets acting dramatically entitled around mealtime, and the video amplifies this by pairing a mundane cat stare with overly serious orchestral music typically reserved for epic moments. The text '0.2 seconds late' hyperbolizes normal pet impatience, making the cat appear judgmental and demanding, which is inherently funny because it subverts expectations of animal indifference. The added 'Hello?' and 'Feed me...' captions give the cat a human voice, enhancing the relatable comedy without any punchline beyond the shared understanding of pet owners. This fits the popular 'my pet when...' meme template widely used on social platforms.
Author 【entity-Ringo the Cat¦handle=@ringodanyan¦author_id=user-752171411936104604320】
AuthorURL https://www.instagram.com/ringodanyan
Verified
1.6M Followers
Language en


【a87e】
URL https://www.instagram.com/reel/DdyeMNtJN-J/
Type video
Created 2026-09-27 11:10:09 UTC
2.6K Likes
34 Comments
Summary: A young man in a sleeveless gray shirt is filmed indoors against a blue wall, holding a red biscuit packet. On-screen Hindi text reads 'Billi ko ek biscuit kya khiladiya khushi se pagal hogayi' (Fed the cat one biscuit, it went crazy with happiness). He takes a bite, then the video cuts to a black cat on a tiled floor next to a pink cat tree. The cat's face is digitally altered with AI to show prominent human teeth in a wide smile, and it sits upright clapping its paws together repeatedly. The tone is lighthearted and comedic, typical of social media pet memes relying on anthropomorphism. Trust and safety analysis identifies the central element as AI-generated synthetic media creating an uncanny animal hybrid, which is flagged as potentially problematic for public viewing due to its bizarre nature, though no sexual, violent, substance, or hateful content is present. The video is assessed as PG-13 for a 13-year-old unsupervised viewer due to the surreal AI imagery.
Entities products=biscuit packet
Humor type=Situational; explanation=The humor derives from situational exaggeration: a mundane act of giving a cat a single biscuit is framed as causing extreme, human-like euphoria. The punchline relies on the visual subversion where the cat is not just happy but transformed into an uncanny hybrid with human teeth and clapping hands, playing on internet culture's love for anthropomorphizing pets. This taps into the popular 'pet reaction' meme format where animals are edited to express outsized emotions, and the AI alteration adds a layer of absurdity that is intentionally creepy-cute. The contrast between the simple Hindi caption and the bizarre visual creates a bait-and-switch expectation, making the payoff funnier for audiences familiar with pet content tropes.
Author 【entity-Pranit Baile¦handle=@by.pranittt¦author_id=user-506772648347395476146】
AuthorURL https://www.instagram.com/by.pranittt
1.8K Followers
Language en


【0c36】
URL https://www.instagram.com/reel/Dd6xwSHRmx-/
Type video
Created 2026-09-30 16:35:06 UTC
100K Likes
890 Comments
Summary: This is a short, static security-camera-style clip of a modern open-plan home interior, captioned 'When doodles don't know how big they are.' In the foreground, a large gray doodle is already lying on a sectional couch chaise next to a smaller light-colored dog or cat. A second, larger reddish-brown doodle stands nearby, then attempts to join them by jumping onto the same small section of couch. It lands awkwardly, climbing over the gray doodle and the resting animal, creating a comical pile. In the background, a woman sits at a kitchen island working; she turns, sees the dogs, and reacts with amusement, standing up and gesturing toward them. The tone is wholesome and humorous, typical of pet-owner content highlighting the breed's cluelessness about its size. The audio track is an unrelated male voice discussing economic pricing controls in New York City, which does not match the visual content.",audio_meme,true,strong,拍猫开饭前直勾勾盯着你，配史诗电影BGM+字幕'你好？饭呢？'，夸张化日常讨食,pet-voiceover-skit,4,true,,false,,unknown,英语，无明显地域标记,false
2026-10-01,pet,13,https://www.instagram.com/reel/DdvT9acy1LY/,@mrchottu__,5200,23,0,1040.0,0.0,0,2026-10-01,2026-09-26,5,true,"This is a home video from the 'Mr. Chottu' pet account, posted September 25, 2026, featuri...","This is a home video from the 'Mr. Chottu' pet account, posted September 25, 2026, featuring a family trying to recreate a popular Instagram Reel trend with their fluffy reddish-brown dog. A woman in black sits on the floor holding a pink cylindrical tube, attempting to film the dog looking through it for the 'seeing cuteness from another angle' effect. The dog, named Chottu, is initially curious ('Yenna pandrigoo'), then disinterested ('Aaathii..'). The man, called 'Daddy,' is summoned from a bed where he was lying with the dog, picks him up, and brings him back. Despite coaxing with treats ('Aiii.. Treats uh') and encouragement ('Edha take pannanum'), the dog refuses to put his head in the tube, instead sniffing around and lying down. The video includes humorous meme cutaways of Tamil actors reacting to the dog's stubbornness. After multiple attempts, the woman holds up her phone showing a red recording screen with the text 'Mission Failed,' concluding the comedic, affectionate attempt that highlights the dog's personality over the trend.
Entities people=Mr. Chottu (Post Caption); products=pink plastic tube, dog treats packet, smartphone
Humor type=Situational; explanation=The humor arises from the classic expectation vs reality gap central to pet content: the owners set up a perfect viral formula—cute dog, pink tube, treats—and expect compliance, but the dog's complete indifference creates situational comedy. The repeated coaxing, the man's earnest help, and the final 'Mission Failed' card turn a simple failed trick into a shared joke about how pets refuse to perform for social media. Meme inserts of Tamil actors amplify the relatability for regional audiences familiar with those reaction templates, making the failure feel communal rather than disappointing.
Author 【entity-Mr.Chottu¦handle=@mrchottu__¦author_id=user-484919381727861778033】
AuthorURL https://www.instagram.com/mrchottu__
130K Followers
Language en


【2eed】
URL https://www.instagram.com/reel/Dd1z_sexqiw/
Type video
Created 2026-09-28 18:20:05 UTC
14K Likes
350 Comments
Summary: In a bright living room, a bearded man in a blue graphic t-shirt and dark shorts walks toward a brown-and-white English Bulldog standing on a striped rug. He playfully stumbles and falls flat on his back, arms spread. The bulldog immediately approaches, places its front paws on his chest, and begins licking his face and mouth repeatedly while the man laughs loudly and reacts with mock surprise, saying 'What the hell was that?' The dog continues the affectionate assault for over ten seconds before stepping off. The clip, posted by @bulldogpabs, is presented as a lighthearted, recurring gag — the creator implying this silly moment defines him more than any life achievement. The overall tone is wholesome, comedic, and pet-focused, with no violence, sexual content, or harmful behavior.",challenge,true,strong,模仿流行趋势拍狗（钻纸筒/看镜头），狗全程不配合，配狗内心独白'这活我不接，工资呢？'结尾打'Mission Failed'字幕,pet-reaction,7,true,,false,,non-us,泰米尔语字幕+泰米尔演员表情包+印度家庭场景,false
2026-10-01,pet,14,https://www.instagram.com/reel/Dd0o3axJmsX/,@mutiarazka,530,9,0,176.7,0.0,0,2026-10-01,2026-09-28,3,true,A young woman with long dark hair wearing a red sweater films herself indoors in what appe...,"A young woman with long dark hair wearing a red sweater films herself indoors in what appears to be a home kitchen/living area. She performs a popular 'upside down' trend, gesturing with her hands and lip-syncing to an upbeat pop song with lyrics about being turned 'inside out, round and round.' Midway through, she lifts a large orange tabby cat into frame, holding it close to the lens. The cat has very wide, dilated eyes and stares directly at the camera, which is highlighted by on-screen text reading '🐱: 'round and round''. The creator smiles and cuddles the cat, moving it slightly as it extends its paws toward the camera. The overall tone is playful, affectionate, and family-friendly, centered on showcasing the cat's expressive reaction as part of the trend.
Culture moment=upside down trend; significance=The trend repurposes a pop lyric about being turned inside out for humorous pet reactions.; origin=Social media audio meme
Humor type=Situational; explanation=The humor arises from situational contrast rather than a punchline. The creator sets up the familiar 'upside down' audio expectation, then subverts it by presenting the cat's genuinely startled expression as if the animal itself is experiencing the dizziness described in the lyrics. The comedy is amplified by the extreme close-up framing that makes the cat's dilated pupils and flattened ears the visual punchline, turning a standard lip-sync into a relatable pet-owner moment. This leverages the broader internet culture of anthropomorphizing pets to match human emotions, where viewers find amusement in imagining the cat's internal confusion. It is not sarcastic or self-deprecating, but relies on the inherent cuteness and unexpected intensity of the animal's reaction, which fits squarely within the wholesome pet-meme ecosystem popular on platforms like Instagram Reels and TikTok.
Author 【entity-Mutiara Azka¦handle=@mutiarazka¦author_id=user-161232762692492737548】
AuthorURL https://www.instagram.com/mutiarazka
Verified
61K Followers
Language en


【bfc1】
URL https://www.instagram.com/reel/DdzFliOhsIi/
Type video
Created 2026-09-27 16:55:05 UTC
22 Likes
1 Comments
Summary: This is a split-screen reaction video posted in 2026. In the top panel, creator Parker Polhill (@parkerpolhill) wearing headphones watches with a confused then amused expression. In the bottom panel, a person in a beige sweatsuit stands bent over, deliberately framing their crotch area while manipulating the fabric. On-screen text reads 'he's right where he wants to be 😭😭'. After building the illusion of a genital bulge, the person pulls the fabric up to reveal a small tabby cat with huge eyes tucked inside the sleeve, its head poking out toward the camera. The creator laughs at the reveal. The video's tone is lighthearted and comedic, using a mildly sexual setup as bait for a cute animal payoff, with the cat appearing calm but wide-eyed throughout the handling.
Entities people=Parker Polhill (Author Name)
Humor type=Bait-and-switch; explanation=The humor relies entirely on subverting sexual expectations. For the first six seconds, the camera lingers on a clothed groin with hands adjusting fabric, accompanied by text about being 'right where he wants to be,' which strongly implies a male genital display. Viewers anticipate either nudity or a crude joke, creating tension and curiosity that drives watch time. The payoff is the sudden reveal of a wide-eyed tabby cat's head poking out of the sleeve, reframing the entire scene as innocent and adorable. The contrast between the suggestive setup and the harmless animal is what makes it funny, amplified by the reactor's genuine laughter and his line calling the cat an 'alien.' This follows a common TikTok/Reels template where creators exploit anatomical ambiguity for a wholesome twist.
Author 【entity-Parker Polhill¦handle=@parkerpolhill¦author_id=user-109323439026623976961】
AuthorURL https://www.instagram.com/parkerpolhill
Verified
170K Followers
Language en",audio_meme,true,weak,,pet-reaction,7,true,,false,,unknown,英语，无确凿地域标记,false
2026-10-01,pet,15,https://www.instagram.com/reel/Dd08KcSv7Kd/,@laxman_baghel_511,150,21,0,50.0,0.0,0,2026-10-01,2026-09-28,3,true,This short social media reel presents a lighthearted visual trick centered on a gray tabby...,"This short social media reel presents a lighthearted visual trick centered on a gray tabby cat standing behind a weathered wooden picket fence. Due to the camera angle, the cat's body aligns with the gaps between the slats, creating the illusion that its torso is stretched impossibly long through the wood while its head and front paws are on one side. The cat looks directly at the camera with green eyes, then turns its head. Intercut with the cat shots is a man in a beige 'Valentine' t-shirt, dark pants, and white clogs standing in a dirt yard beside a brick structure with a corrugated roof. He initially adjusts something on a post, then turns to the camera and performs an exaggerated reaction of shock and disbelief — widening his eyes, opening his mouth, leaning forward, gesturing, and putting both hands on his head as if baffled by what he sees. The audio consists of laughter and comedic vocalizations matching his performance. The overall tone is playful and silly, designed as a quick viral comedy bit relying on the absurd cat perspective and the actor's expressive response. The creator identifies as a comedy actor from Agra and promotes paid collaborations via an external link.
Humor type=Situational; explanation=The humor derives from a classic situational optical illusion where the cat's alignment with the fence creates an impossible anatomy, violating viewer expectations of how a cat should look. The comedy is amplified by the performer's deliberately overblown reaction—wide eyes, open mouth, hands clutching his head—which signals mock horror at something mundane. This contrast between a harmless animal and extreme human disbelief is a staple of short-form pet comedy, relying on timing and repetition rather than dialogue. The repeated cuts back to the cat reinforce the joke, letting the audience sit with the absurd image while the man's escalating bewilderment sells the premise. It fits the broader trend of 'expectation vs reality' animal videos popular on Reels, where simple real-world setups generate laughs without scripting.
Author 【entity-Laxman baghel511¦handle=@laxman_baghel_511¦author_id=user-561379664996006610954】
AuthorURL https://www.instagram.com/laxman_baghel_511
410K Followers
Language en


【4d25】
URL https://www.instagram.com/reel/DdzGKhPDbUa/
Place 【place-LADbible Ireland¦place_id=636602324999863】
Type video
Created 2026-09-27 17:03:17 UTC
290K Likes
1.5K Comments
Summary: The video, posted by LADbible Ireland and credited to ViralHog, shows a first-person view entering a bright hotel room through an open sliding patio door. Inside, a small black stray cat is fast asleep sprawled on its back on the white-sheeted bed near the pillows. On-screen text explains the situation: the creator left the patio door open and the stray decided to make herself at home. As the camera moves closer, additional text notes the cat must have been tired because she was 'out for the count,' followed by 'FIVE MORE MINUTES...' as a human finger gently pokes the cat's paw. The cat remains deeply asleep, then stretches out fully. Final text reads, 'LOOKS LIKE I HAVE A NEW ROOM MATE' with a cat emoji. The audio includes a woman speaking softly ('Excuse me,' 'I don't think this is your room') and light background music. The overall tone is warm, funny, and endearing, presenting a harmless viral moment of an unexpected feline guest.
Culture moment=cat distribution system; significance=Reflects the popular internet belief that cats choose their owners, turning a random encounter into destiny.; origin=Internet meme culture",hook,true,weak,,pet-reaction,7,true,,false,,non-us,作者自述为 Agra（印度）喜剧演员+印度庭院场景,false
